Sample,Position,Protein,AAChange,NucleotideChange,AF,Depth,Type,MatPeptide,MatPeptideAAChange,MatPeptideNucChange
ex1,3037,ORF1a_polyprotein,F924F,C2772T,100.0,1013,synonymous SNV,nsp3,F106F,C318T
ex1,3053,ORF1a_polyprotein,D930N,G2788A,100.0,645,nonsynonymous SNV,nsp3,D112N,G334A
ex1,9319,ORF1a_polyprotein,F3018F,C9054T,99.96067636649626,2543,synonymous SNV,nsp4,F255F,C765T
ex1,12412,ORF1a_polyprotein,I4049I,C12147T,100.0,2972,synonymous SNV,nsp8,I107I,C321T
ex1,14408,ORF1ab_polyprotein_ribosomal_slippage,P4715L,C14408T,99.73890339425587,766,nonsynonymous SNV,RNA-dependent_RNA_polymerase_rib_26,P323L,C968T
ex1,18877,ORF1ab_polyprotein_ribosomal_slippage,L6205L,C18877T,99.46222102715784,7438,synonymous SNV,3'-to-5'_exonuclease,L280L,C838T
ex1,20759,ORF1ab_polyprotein_ribosomal_slippage,A6832V,C20759T,99.9361634216406,3133,nonsynonymous SNV,2'-O-ribose_methyltransferase,A34V,C101T
ex1,23403,surface_glycoprotein,D614G,A1841G,99.75165562913907,1208,nonsynonymous SNV,,,
ex1,25613,ORF3a_protein,S74F,C221T,99.82091690544412,2792,nonsynonymous SNV,,,
ex1,26912,membrane_glycoprotein,T130T,C390T,100.0,810,synonymous SNV,,,
ex1,28378,nucleocapsid_phosphoprotein,A35A,G105T,99.9132885324084,4613,synonymous SNV,,,
ex1,28638,nucleocapsid_phosphoprotein,P122L,C365T,1.7943409247757072,2898,nonsynonymous SNV,,,
ex1,28881,nucleocapsid_phosphoprotein,R203K,G608A,99.937106918239,3180,nonsynonymous SNV,,,
ex1,28882,nucleocapsid_phosphoprotein,R203R,G609A,100.0,3177,synonymous SNV,,,
ex1,28883,nucleocapsid_phosphoprotein,G204R,G610C,99.81072555205047,3170,nonsynonymous SNV,,,
ex1,29187,nucleocapsid_phosphoprotein,A305V,C914T,2.144899904671115,2098,nonsynonymous SNV,,,
ex1,29188,nucleocapsid_phosphoprotein,A305A,A915G,2.1479713603818613,2095,synonymous SNV,,,
ex1,29317,nucleocapsid_phosphoprotein,D348D,T1044C,99.5221843003413,2930,synonymous SNV,,,
ex1,29425,nucleocapsid_phosphoprotein,Q384H,G1152T,99.93160054719561,2924,nonsynonymous SNV,,,
